{"loss": 0.3017579653161637, "_timestamp": 1712763850.9009252, "_runtime": 5811.674385070801, "_step": 199, "_wandb": {"runtime": 5811}}