{"training loss": 0.4946062579751015, "validation loss": 0.4063143769900004, "_timestamp": 1713627575.6541097, "_runtime": 5055.799265623093, "_step": 199, "_wandb": {"runtime": 5055}}