{"training loss": 0.3037612535059452, "validation loss": 0.3017285956690709, "_timestamp": 1713373875.6211183, "_runtime": 6841.6368663311005, "_step": 199, "_wandb": {"runtime": 6841}}