{"training loss": 0.45105962455272675, "validation loss": 0.3875672866900762, "_timestamp": 1713384114.8243492, "_runtime": 3371.3864772319794, "_step": 99, "_wandb": {"runtime": 3370}}